Source File,Scan number,Peptide,Score
qExHF01_06119.mgf,204,mADEAGSEADHGTEHSTK,99.38035137
qExHF01_06119.mgf,208,HQGVmVGmGQK,96.07924086
qExHF01_06119.mgf,222,NLHSELSGKR,99.94097433
qExHF01_06119.mgf,226,mGPPVNHR,99.99690533
qExHF01_06119.mgf,231,mGPPVGGHR,99.99807596
qExHF01_06119.mgf,240,TLYHSVHEK,99.95707572
qExHF01_06119.mgf,244,KPYCNAHYPK,99.84101924
qExHF01_06119.mgf,252,mADEAGSEADHESAHSTK,99.96228187
qExHF01_06119.mgf,268,MADEAGSEADHEGTHSTK,99.78352205
qExHF01_06119.mgf,282,HVAVTNmNEHSSR,93.9842038
qExHF01_06119.mgf,286,FHKPGENYK,99.93890703
qExHF01_06119.mgf,287,HGGLYHENmR,99.46594889
qExHF01_06119.mgf,288,KPYCNAHYPK,94.88693398
qExHF01_06119.mgf,302,VNDAmNmGHTAK,97.46916317
qExHF01_06119.mgf,332,GmQLmHANAQR,96.70040334
qExHF01_06119.mgf,341,mADEAGSEADHASEHSTK,97.2181302
qExHF01_06119.mgf,348,HQGVmVGmGQK,91.37687332
qExHF01_06119.mgf,365,mGPPVNHR,99.97819096
qExHF01_06119.mgf,366,TLYHSVHEK,99.95592475
