spectrum	charge	pepmass	scan	sequence	xcorr
qExHF01_06119.204.204.3	3	630.259232	204	M+15.9949ADEAGSEADHGTEHSTK	4.354
qExHF01_06119.204.204.3	3	630.259232	204	M+15.9949ADEAGSEADHASEHSTK	4.360
qExHF01_06119.208.208.2	2	602.284532	208	FQGVM+15.9949VGM+15.9949GQK	1.483
qExHF01_06119.208.208.2	2	602.284532	208	HQGVM+15.9949VGM+15.9949GQK	2.844
qExHF01_06119.222.222.3	3	380.875523	222	LLHSELSGKR	2.577
qExHF01_06119.222.222.3	3	380.875523	222	NLHSELSGKR	3.469
qExHF01_06119.226.226.2	2	462.229225	226	M+15.9949GPPVNHR	2.308
qExHF01_06119.226.226.2	2	462.229225	226	M+15.9949GPPVGGHR	2.353
qExHF01_06119.231.231.3	3	308.488694	231	M+15.9949GPPVGGHR	2.625
qExHF01_06119.231.231.3	3	308.488694	231	MGPPVGGHR	2.124
qExHF01_06119.240.240.3	3	371.860889	240	TLYHSVHEK	2.558
qExHF01_06119.240.240.3	3	371.860889	240	SLYHSVHEK	2.294
qExHF01_06119.244.244.3	3	426.541397	244	KPYC+57.021464GQHYPK	3.246
qExHF01_06119.244.244.3	3	426.541397	244	KPYC+57.021464NAHYPK	3.481
