Source File,Scan number,Peptide,Score
qExHF01_06119.mgf,2,AKKVDDCmK,94.38551031
qExHF01_06119.mgf,2,AKKVEDFmK,91.07884653
qExHF01_06119.mgf,2,KAKVDDCmK,89.36457698
qExHF01_06119.mgf,2,AKKVMDMmK,40.91182336
qExHF01_06119.mgf,2,SKKVDDCmK,39.38556158
qExHF01_06119.mgf,2,KAKKVDDCmK,35.80509002
qExHF01_06119.mgf,2,RAKKVDDCmK,35.80506797
qExHF01_06119.mgf,2,EAKKVDDCmK,35.80506153
qExHF01_06119.mgf,2,QAKKVDDCmK,35.80506123
qExHF01_06119.mgf,3,LFKVEDSDR,38.00958897
qExHF01_06119.mgf,3,KKKVEDSDR,37.98489945
qExHF01_06119.mgf,3,LKKVEDSDR,37.9284844
qExHF01_06119.mgf,3,MKKVEDSDR,37.49556611
qExHF01_06119.mgf,3,FLKVEDSDR,37.15346994
qExHF01_06119.mgf,3,PYKVEDSDR,36.6140374
qExHF01_06119.mgf,3,AAKKVEDSDR,36.29879879
qExHF01_06119.mgf,3,GAKKVEDSDR,35.66934638
qExHF01_06119.mgf,3,KLKVEDSDR,35.45143018
qExHF01_06119.mgf,3,mLKVEDSDR,35.42664418
qExHF01_06119.mgf,4,AKGSCHDDmK,89.03947683
qExHF01_06119.mgf,4,TKHDCDDmK,86.97849832
qExHF01_06119.mgf,4,AKSGCHDDmK,85.53658571
qExHF01_06119.mgf,4,RAPGDCDDmK,36.3212152
qExHF01_06119.mgf,4,AKPGDCDDmK,36.17676944
qExHF01_06119.mgf,4,SKGSCHDDmK,34.49454687
qExHF01_06119.mgf,4,AKQDGEDDmK,32.49147302
qExHF01_06119.mgf,5,AKKYSDmmK,86.84255925
qExHF01_06119.mgf,5,AKKVEDCmK,43.98235701
qExHF01_06119.mgf,5,AKKVEDmmK,40.55379793
qExHF01_06119.mgf,5,SKKVEDmmK,35.8822774
qExHF01_06119.mgf,5,TKKVEDmmK,35.87463664
qExHF01_06119.mgf,5,VKKVEDmmK,35.84692373
qExHF01_06119.mgf,5,AKKVDDmmK,35.46796537
qExHF01_06119.mgf,5,TKKVDDmmK,33.09205522
qExHF01_06119.mgf,7,AKAKNSHCGSmK,37.49847022
qExHF01_06119.mgf,7,AKAKSNHCGSmK,36.67069117
qExHF01_06119.mgf,7,AKAKGGSHCGSmK,36.13379351
qExHF01_06119.mgf,7,GKAKNSHCGSmK,33.68197309
qExHF01_06119.mgf,7,GKAKSNHCGSmK,32.86011273
qExHF01_06119.mgf,7,RAKNSHCGSmK,31.96665102
